<?xml version="1.0" encoding="UTF-8"?>
<!DOCTYPE connector PUBLIC "-//Sun Microsystems, Inc.//DTD Connector 1.0//EN" "http://java.sun.com/dtd/connector_1_0.dtd" >
<connector>
  <vendor-name>vendor-name</vendor-name>
  <spec-version>spec-version</spec-version>
  <eis-type>eis-type</eis-type>
  <version>version</version>
  <resourceadapter>
    <managedconnectionfactory-class>managedconnectionfactory-class</managedconnectionfactory-class>
    <connectionfactory-interface>connectionfactory-interface</connectionfactory-interface>
    <connectionfactory-impl-class>connectionfactory-impl-class</connectionfactory-impl-class>
    <connection-interface>connection-interface</connection-interface>
    <connection-impl-class>connection-impl-class</connection-impl-class>
    <transaction-support>transaction-support</transaction-support>
    <reauthentication-support>reauthentication-support</reauthentication-support>
  </resourceadapter>
</connector>
