<?xml version="1.0" encoding="UTF-8"?>
<!DOCTYPE connector PUBLIC "-//SPRING/DTD BEAn 2.0//EN" "resources/spring-beans-2.0.dtd"> 
<beans  xmlns="http://www.springframework.org/schema/beans"
       xmlns:xsi="http://www.w3.org/2001/XMLSchema-instance"
       xsi:schemaLocation="http://www.springframework.org/schema/beans
           http://www.springframework.org/schema/beans/spring-beans.xsd">
<bean id = "M1" class = "m1.M1">
<property name= "Mimetypes">
<map>
<entry key="doc"><value>application/msword</value></entry>
<entry key="pdf"><value>application/pdf</value></entry>
<entry key="txt"<value>plain/text</value></entry>
</map>
</property>
</bean>
</beans>